{
    "x": 5.28978,
    "y": 3.14217
}